{
  "game_info": {
    "id": "9faca76a-fed7-433b-a072-fb11ee398b0d",
    "name": "Netwerk Infiltratie",
    "created_at": "2025-04-26T17:32:08.415032Z",
    "updated_at": "2025-04-26T17:32:08.415035Z",
    "start_image_path": "cyberpunk_start.png",
    "description": "Neo-Kyoto, 2077. De stad glinstert onder een eeuwige neonregen. Als 'ghost' infiltreer je het zwaarbeveiligde hoofdkwartier van OmniCorp. Je missie: steel de 'Project Chimera' data voordat het online gaat. Vind wachtwoorden, kraak systemen en ontwijk de beveiliging. De toekomst hangt aan een zijden draadje... of beter gezegd, een glasvezelkabel.",
    "win_image_path": "cyberpunk_win.png"
  },
  "rooms": [
    {
      "id": "da4e7906-2f32-4fa9-8cac-56a185e9893d",
      "game_id": "9faca76a-fed7-433b-a072-fb11ee398b0d",
      "title": "Donker Steegje",
      "description": "Je staat in een smal, vochtig steegje achter het OmniCorp gebouw. De lucht is zwaar van de geur van synthetisch voedsel en ozon. Regen tikt op metalen afdakjes boven je. Er is een onopvallende metalen deur in het noorden, waarschijnlijk een dienstingang.",
      "pos_x": 100,
      "pos_y": 500,
      "sort_index": 0,
      "image_path": "steegje.png"
    },
    {
      "id": "7f8f9084-d8df-4e12-bf2d-f67864971ed4",
      "game_id": "9faca76a-fed7-433b-a072-fb11ee398b0d",
      "title": "Server Onderhoudsruimte",
      "description": "De metalen deur leidt naar een kleine, rommelige ruimte vol zoemende servers en loshangende kabels. Het ruikt naar stof en oververhitte elektronica. Een flikkerende TL-buis verlicht een werkbank met gereedschap en een openstaande laptop (Onderhoudslaptop). In de oostmuur is een toegangsluik naar de onderhoudstunnels.",
      "pos_x": 20,
      "pos_y": 432,
      "sort_index": 1,
      "image_path": "server_onderhoud.png"
    },
    {
      "id": "25847f42-9f5c-48b6-b46d-6725f4cc65bd",
      "game_id": "9faca76a-fed7-433b-a072-fb11ee398b0d",
      "title": "Onderhoudstunnels - Knooppunt Alpha",
      "description": "Je bevindt je in een krap, betonnen tunnelcomplex. Leidingen en datakabels lopen langs de muren. Het geluid van de stad is hier gedempt. Er zijn tunnels die naar het noorden (richting liftkern) en het oosten (naar koelingsysteem) leiden. Een zwak zoemend geluid komt uit het oosten.",
      "pos_x": 374,
      "pos_y": 457,
      "sort_index": 2,
      "image_path": "tunnels_alpha.png"
    },
    {
      "id": "e7b84c31-2965-48b1-8d89-2b959614e097",
      "game_id": "9faca76a-fed7-433b-a072-fb11ee398b0d",
      "title": "Koelsysteem Controle",
      "description": "Deze ruimte is gevuld met grote, luidruchtige machines die koude lucht blazen. Condens druppelt van de leidingen. Een controlepaneel (Koelingspaneel) met knipperende lampjes staat tegen de muur. De enige uitgang is terug naar het westen.",
      "pos_x": 150,
      "pos_y": 450,
      "sort_index": 3,
      "image_path": "koeling_controle.png"
    },
    {
      "id": "dc2d1eef-92ee-4ddc-912e-ae44a3a0418c",
      "game_id": "9faca76a-fed7-433b-a072-fb11ee398b0d",
      "title": "Liftkern Toegang",
      "description": "De tunnel komt uit bij de basis van een liftkern. Je ziet de kabels van een grote dienstlift omhoog verdwijnen. Er is een bedieningspaneel naast de liftdeuren (Liftpaneel Niveau 0) en een deur naar het oosten die leidt naar de Beveiligingspost.",
      "pos_x": 200,
      "pos_y": 400,
      "sort_index": 4,
      "image_path": "liftkern_basis.png"
    },
    {
      "id": "337f7cd4-91cd-4511-a5fb-b6dee117043c",
      "game_id": "9faca76a-fed7-433b-a072-fb11ee398b0d",
      "title": "Beveiligingspost Niveau 0",
      "description": "Een kleine, functionele post met een bureau, een monitor die camerabeelden toont (nu offline), en een wapenrek. Op het bureau ligt een half opgegeten maaltijd en een toegangspas (Toegangspas Niveau 1). De enige uitgang is naar het westen.",
      "pos_x": 400,
      "pos_y": 382,
      "sort_index": 5,
      "image_path": "beveiligingspost_n0.png"
    },
    {
      "id": "b1422ed1-a5a7-43fc-b156-2152718bd4e1",
      "game_id": "9faca76a-fed7-433b-a072-fb11ee398b0d",
      "title": "Lift - Niveau 10 (Kantoorverdieping)",
      "description": "De dienstlift stopt met een schok. De deuren openen naar een brede, strak verlichte gang op de kantoorverdieping. Je hoort het gedempte geroezemoes van activiteit. De liftdeuren sluiten achter je. De gang loopt naar het noorden. Er is ook een deur naar het westen gemarkeerd 'Technisch Onderhoud'.",
      "pos_x": 202,
      "pos_y": 314,
      "sort_index": 6,
      "image_path": "lift_n10.png"
    },
    {
      "id": "301717f3-4161-4c2c-ab18-5e24aa98111a",
      "game_id": "9faca76a-fed7-433b-a072-fb11ee398b0d",
      "title": "Technisch Onderhoud Niveau 10",
      "description": "Een kleine opslagruimte met reserve onderdelen en diagnoseapparatuur. Een technicus (Bezorgde Technicus) zit ineengedoken bij een open paneel, mompelend over 'netwerk spikes'. Op een plank ligt een data-chip (Data-chip 'IcePick'). De enige uitgang is naar het oosten.",
      "pos_x": 63,
      "pos_y": 295,
      "sort_index": 7,
      "image_path": "onderhoud_n10.png"
    },
    {
      "id": "4258840a-a6fe-4e6c-91ea-04ca8141de93",
      "game_id": "9faca76a-fed7-433b-a072-fb11ee398b0d",
      "title": "Kantoorgang Niveau 10",
      "description": "Een lange, steriele gang met deuren aan weerszijden. Holografische advertenties flikkeren aan de muren. Aan het einde van de gang in het noorden is een zware deur gemarkeerd 'Datacenter Toegang'. Een deur in het oosten leidt naar de 'Surveillance Hub'.",
      "pos_x": 200,
      "pos_y": 250,
      "sort_index": 8,
      "image_path": "gang_n10.png"
    },
    {
      "id": "f330752e-2076-484f-bd7c-8b0f6faf31c1",
      "game_id": "9faca76a-fed7-433b-a072-fb11ee398b0d",
      "title": "Surveillance Hub",
      "description": "Deze kamer wordt gedomineerd door een muur van monitoren die live feeds van over het hele gebouw tonen. De meeste camera's lijken echter gestoord of tonen statische ruis. Een enkele bewaker zit onderuitgezakt in een stoel, slapend. Er is een terminal (Security Terminal) op een console. De enige uitgang is naar het westen.",
      "pos_x": 382,
      "pos_y": 253,
      "sort_index": 9,
      "image_path": "surveillance_hub.png"
    },
    {
      "id": "a52abc67-d578-4082-b74b-46268f7202f7",
      "game_id": "9faca76a-fed7-433b-a072-fb11ee398b0d",
      "title": "Datacenter Voorkamer",
      "description": "Een steriele voorkamer met luchtontvochtigers die zoemen. Een grote, gepantserde deur in het noorden blokkeert de toegang tot het hoofd-datacenter. Er is een biometrische scanner en een kaartlezer naast de deur. Een netwerkterminal (Netwerk Terminal) staat in een hoek.",
      "pos_x": 200,
      "pos_y": 200,
      "sort_index": 10,
      "image_path": "datacenter_voorkamer.png"
    },
    {
      "id": "855da0ea-f880-4219-9f2d-5d718a9615b7",
      "game_id": "9faca76a-fed7-433b-a072-fb11ee398b0d",
      "title": "Hoofd Datacenter",
      "description": "Rijen en rijen torenhoge serverracks vullen deze ijskoude ruimte, badend in het blauwe licht van status-LEDs. Het gezoem is hier oorverdovend. In het midden staat een verhoogd platform met de hoofdconsole (Mainframe Console). Een smalle dienstdeur is zichtbaar in de oostmuur.",
      "pos_x": 195,
      "pos_y": 133,
      "sort_index": 11,
      "image_path": "datacenter_main.png"
    },
    {
      "id": "e5ebfa28-8710-4d22-bfd6-eea00bc732c9",
      "game_id": "9faca76a-fed7-433b-a072-fb11ee398b0d",
      "title": "Verbindingsgang",
      "description": "Een smalle, metalen gang die duidelijk minder gebruikt wordt. Er hangt een geur van smeerolie. De gang loopt naar het noorden, naar wat lijkt op een laboratorium.",
      "pos_x": 385,
      "pos_y": 163,
      "sort_index": 12,
      "image_path": "verbindingsgang.png"
    },
    {
      "id": "35dde51e-dd44-4fe9-8ddf-0893a6cd0ca4",
      "game_id": "9faca76a-fed7-433b-a072-fb11ee398b0d",
      "title": "Project Chimera Lab",
      "description": "Dit laboratorium is gevuld met geavanceerde apparatuur: genetische sequencers, neurale interfaces en tanks met ondefinieerbare biologische experimenten. Op een centrale werkbank ligt een beveiligde data-opslag (Chimera Data Drive). Een terminal (Lab Terminal) toont complexe simulaties. Een deur in het westen leidt terug naar de verbindingsgang.",
      "pos_x": 353,
      "pos_y": 94,
      "sort_index": 13,
      "image_path": "lab_chimera.png"
    },
    {
      "id": "684c66b2-ab93-4d83-8a2c-89bb71959241",
      "game_id": "9faca76a-fed7-433b-a072-fb11ee398b0d",
      "title": "Nooduitgang Schacht",
      "description": "Een smalle metalen schacht met een ladder die omhoog leidt. Het geluid van de wind is hoorbaar van boven. Dit lijkt een ontsnappingsroute te zijn.",
      "pos_x": 195,
      "pos_y": 82,
      "sort_index": 14,
      "image_path": "nooduitgang_schacht.png"
    },
    {
      "id": "1ed16040-c912-462b-8a38-e6bcb49b3f34",
      "game_id": "9faca76a-fed7-433b-a072-fb11ee398b0d",
      "title": "Dak OmniCorp Toren",
      "description": "Je staat op het winderige dak, hoog boven de neonverlichte stad. De regen prikt op je huid. Een landingsplatform in de verte is gemarkeerd met knipperende lichten - je extractiepunt. Je hebt het gehaald!",
      "pos_x": 198,
      "pos_y": 17,
      "sort_index": 15,
      "image_path": "dak_omnicorp.png"
    }
  ],
  "entities": [
    {
      "id": "eb1695a1-9890-48ad-871d-d45c9458ce52",
      "game_id": "9faca76a-fed7-433b-a072-fb11ee398b0d",
      "room_id": "7f8f9084-d8df-4e12-bf2d-f67864971ed4",
      "container_id": null,
      "type": "ITEM",
      "name": "Onderhoudslaptop",
      "description": "Een oude, gehavende laptop die openstaat op een onderhoudslog. Er flikkert een prompt. Misschien kun je hier iets nuttigs vinden?",
      "is_takable": false,
      "is_container": false,
      "conversation_id": null,
      "image_path": "laptop.png"
    },
    {
      "id": "e33f5729-2414-434d-b307-b1a881397795",
      "game_id": "9faca76a-fed7-433b-a072-fb11ee398b0d",
      "room_id": "e7b84c31-2965-48b1-8d89-2b959614e097",
      "container_id": null,
      "type": "ITEM",
      "name": "Koelingspaneel",
      "description": "Een complex paneel met diverse meters en knoppen die de temperatuur en luchtstroom van het datacenter regelen. Er is een toegangspoort voor diagnostiek.",
      "is_takable": false,
      "is_container": false,
      "conversation_id": null,
      "image_path": "controlepaneel.png"
    },
    {
      "id": "f65750b8-cc9b-4ffc-a3b9-b70b6f39aec1",
      "game_id": "9faca76a-fed7-433b-a072-fb11ee398b0d",
      "room_id": "dc2d1eef-92ee-4ddc-912e-ae44a3a0418c",
      "container_id": null,
      "type": "ITEM",
      "name": "Liftpaneel Niveau 0",
      "description": "Een standaard liftpaneel met knoppen voor verschillende verdiepingen. Vereist een toegangspas.",
      "is_takable": false,
      "is_container": false,
      "conversation_id": null,
      "image_path": "liftpaneel.png"
    },
    {
      "id": "fae7b61c-5b42-4eda-95ef-29c03ce45da5",
      "game_id": "9faca76a-fed7-433b-a072-fb11ee398b0d",
      "room_id": "337f7cd4-91cd-4511-a5fb-b6dee117043c",
      "container_id": null,
      "type": "ITEM",
      "name": "Toegangspas Niveau 1",
      "description": "Een standaard OmniCorp toegangspas met 'Niveau 1 Clearence'. Ziet eruit alsof hij haastig is achtergelaten.",
      "is_takable": true,
      "is_container": false,
      "conversation_id": null,
      "image_path": "toegangspas1.png"
    },
    {
      "id": "25d54293-80c5-498f-8ad2-63945c7f741e",
      "game_id": "9faca76a-fed7-433b-a072-fb11ee398b0d",
      "room_id": "301717f3-4161-4c2c-ab18-5e24aa98111a",
      "container_id": null,
      "type": "NPC",
      "name": "Bezorgde Technicus",
      "description": "Een jonge technicus in een OmniCorp overall. Hij ziet er gestrest uit en prutst aan een open paneel vol draden.",
      "is_takable": false,
      "is_container": false,
      "conversation_id": "f55c3abb-c205-4f1c-aaf4-fb9efc66a290",
      "image_path": "technicus.png"
    },
    {
      "id": "a119c519-df15-494a-bdc0-bda7b2830cc6",
      "game_id": "9faca76a-fed7-433b-a072-fb11ee398b0d",
      "room_id": "301717f3-4161-4c2c-ab18-5e24aa98111a",
      "container_id": null,
      "type": "ITEM",
      "name": "Data-chip 'IcePick'",
      "description": "Een kleine, zwarte data-chip met het label 'IcePick v2.1'. Lijkt op een soort hacking tool.",
      "is_takable": true,
      "is_container": false,
      "conversation_id": null,
      "image_path": "datachip.png"
    },
    {
      "id": "a3b58536-7822-4a7e-a0be-c8f0c8a22b4b",
      "game_id": "9faca76a-fed7-433b-a072-fb11ee398b0d",
      "room_id": "f330752e-2076-484f-bd7c-8b0f6faf31c1",
      "container_id": null,
      "type": "NPC",
      "name": "Slapende Bewaker",
      "description": "Een bewaker in uniform, diep in slaap in zijn stoel. Een lege koffiebeker staat naast hem.",
      "is_takable": false,
      "is_container": false,
      "conversation_id": null,
      "image_path": "bewaker_slapend.png"
    },
    {
      "id": "d411f578-462d-4d0b-b9d6-a750ac94c06e",
      "game_id": "9faca76a-fed7-433b-a072-fb11ee398b0d",
      "room_id": "f330752e-2076-484f-bd7c-8b0f6faf31c1",
      "container_id": null,
      "type": "ITEM",
      "name": "Security Terminal",
      "description": "Een geavanceerde terminal die toegang geeft tot camerafeeds, deurcontroles en beveiligingslogs. Vereist authenticatie.",
      "is_takable": false,
      "is_container": false,
      "conversation_id": null,
      "image_path": "security_terminal.png"
    },
    {
      "id": "69fe1049-abd8-4c1a-a37a-db5cdbfa2da6",
      "game_id": "9faca76a-fed7-433b-a072-fb11ee398b0d",
      "room_id": "a52abc67-d578-4082-b74b-46268f7202f7",
      "container_id": null,
      "type": "ITEM",
      "name": "Netwerk Terminal",
      "description": "Een terminal specifiek voor netwerkdiagnostiek en -beheer. Er knippert een login prompt.",
      "is_takable": false,
      "is_container": false,
      "conversation_id": null,
      "image_path": "netwerk_terminal.png"
    },
    {
      "id": "0ce34b8f-d2b9-43e6-a8f6-c5a142d4e856",
      "game_id": "9faca76a-fed7-433b-a072-fb11ee398b0d",
      "room_id": "855da0ea-f880-4219-9f2d-5d718a9615b7",
      "container_id": null,
      "type": "ITEM",
      "name": "Mainframe Console",
      "description": "Het zenuwcentrum van het datacenter. Vanaf hier kan de kern van het OmniCorp netwerk benaderd worden. Zwaar beveiligd.",
      "is_takable": false,
      "is_container": false,
      "conversation_id": null,
      "image_path": "mainframe_console.png"
    },
    {
      "id": "0ff85354-ed39-478b-8956-b0c8feb3b126",
      "game_id": "9faca76a-fed7-433b-a072-fb11ee398b0d",
      "room_id": "35dde51e-dd44-4fe9-8ddf-0893a6cd0ca4",
      "container_id": null,
      "type": "ITEM",
      "name": "Chimera Data Drive",
      "description": "Een glanzende, metalen datadrager met het 'Project Chimera' logo. Dit is je doelwit. Het is vergrendeld in een houder op de werkbank.",
      "is_takable": false,
      "is_container": false,
      "conversation_id": null,
      "image_path": "data_drive.png"
    },
    {
      "id": "be5e54f1-3284-4273-8881-ee82669c9c57",
      "game_id": "9faca76a-fed7-433b-a072-fb11ee398b0d",
      "room_id": "35dde51e-dd44-4fe9-8ddf-0893a6cd0ca4",
      "container_id": null,
      "type": "ITEM",
      "name": "Lab Terminal",
      "description": "Een terminal die gebruikt wordt voor de experimenten in dit lab. Toont complexe biologische data en simulaties. Vereist waarschijnlijk lab-specifieke credentials.",
      "is_takable": false,
      "is_container": false,
      "conversation_id": null,
      "image_path": "lab_terminal.png"
    },
    {
      "id": "95faaf78-c28a-4d9c-a13b-2c9ed1edb5c0",
      "game_id": "9faca76a-fed7-433b-a072-fb11ee398b0d",
      "room_id": null,
      "container_id": null,
      "type": "ITEM",
      "name": "Exploit 'Overload'",
      "description": "Een stukje code ontworpen om koelsystemen tijdelijk te overbelasten.",
      "is_takable": true,
      "is_container": false,
      "conversation_id": null,
      "image_path": null
    },
    {
      "id": "bd1ab398-6255-44ce-84ab-51ef380daa1c",
      "game_id": "9faca76a-fed7-433b-a072-fb11ee398b0d",
      "room_id": null,
      "container_id": null,
      "type": "ITEM",
      "name": "Admin Wachtwoord Fragment",
      "description": "Een versleuteld fragment dat deel uitmaakt van een admin wachtwoord.",
      "is_takable": true,
      "is_container": false,
      "conversation_id": null,
      "image_path": null
    },
    {
      "id": "ee2a6168-e574-4157-95e4-d22ee7f29b1a",
      "game_id": "9faca76a-fed7-433b-a072-fb11ee398b0d",
      "room_id": null,
      "container_id": null,
      "type": "ITEM",
      "name": "Toegangspas Niveau 2",
      "description": "Een toegangspas met 'Niveau 2 Clearence'. Nodig voor gevoeligere zones.",
      "is_takable": true,
      "is_container": false,
      "conversation_id": null,
      "image_path": "toegangspas2.png"
    },
    {
      "id": "70191876-24df-4a5d-9943-941bb738b5be",
      "game_id": "9faca76a-fed7-433b-a072-fb11ee398b0d",
      "room_id": null,
      "container_id": null,
      "type": "ITEM",
      "name": "Ontgrendelde Chimera Data",
      "description": "De Project Chimera data. Je hebt het! Nu snel hier wegwezen.",
      "is_takable": true,
      "is_container": false,
      "conversation_id": null,
      "image_path": "data_drive_unlocked.png"
    }
  ],
  "connections": [
    {
      "id": "25e0ffe1-4e02-4e43-88de-1b5f59c65897",
      "from_room_id": "da4e7906-2f32-4fa9-8cac-56a185e9893d",
      "to_room_id": "7f8f9084-d8df-4e12-bf2d-f67864971ed4",
      "direction": "noord",
      "is_locked": false,
      "required_key_id": null
    },
    {
      "id": "7411853d-67a3-4170-a533-a9d6fbd651a6",
      "from_room_id": "7f8f9084-d8df-4e12-bf2d-f67864971ed4",
      "to_room_id": "da4e7906-2f32-4fa9-8cac-56a185e9893d",
      "direction": "zuid",
      "is_locked": false,
      "required_key_id": null
    },
    {
      "id": "f3d8433c-3e8f-410e-a5c3-75d5d1f72bea",
      "from_room_id": "7f8f9084-d8df-4e12-bf2d-f67864971ed4",
      "to_room_id": "25847f42-9f5c-48b6-b46d-6725f4cc65bd",
      "direction": "oost",
      "is_locked": false,
      "required_key_id": null
    },
    {
      "id": "9f532d1d-be2d-4e03-b35f-fb0a0713fb62",
      "from_room_id": "25847f42-9f5c-48b6-b46d-6725f4cc65bd",
      "to_room_id": "7f8f9084-d8df-4e12-bf2d-f67864971ed4",
      "direction": "west",
      "is_locked": false,
      "required_key_id": null
    },
    {
      "id": "d4e54106-f4d8-4b09-a8bf-8709e1c55d3c",
      "from_room_id": "25847f42-9f5c-48b6-b46d-6725f4cc65bd",
      "to_room_id": "e7b84c31-2965-48b1-8d89-2b959614e097",
      "direction": "oost",
      "is_locked": false,
      "required_key_id": null
    },
    {
      "id": "97bbdf06-4d9a-4243-ad97-4054f74adf84",
      "from_room_id": "e7b84c31-2965-48b1-8d89-2b959614e097",
      "to_room_id": "25847f42-9f5c-48b6-b46d-6725f4cc65bd",
      "direction": "west",
      "is_locked": false,
      "required_key_id": null
    },
    {
      "id": "b5af2183-c3ca-4d92-94ea-50f34563080a",
      "from_room_id": "25847f42-9f5c-48b6-b46d-6725f4cc65bd",
      "to_room_id": "dc2d1eef-92ee-4ddc-912e-ae44a3a0418c",
      "direction": "noord",
      "is_locked": false,
      "required_key_id": null
    },
    {
      "id": "650f342d-2805-4fff-93af-d363bef3b92c",
      "from_room_id": "dc2d1eef-92ee-4ddc-912e-ae44a3a0418c",
      "to_room_id": "25847f42-9f5c-48b6-b46d-6725f4cc65bd",
      "direction": "zuid",
      "is_locked": false,
      "required_key_id": null
    },
    {
      "id": "32dd328d-2379-4caa-889a-aa8a5b14d7c3",
      "from_room_id": "dc2d1eef-92ee-4ddc-912e-ae44a3a0418c",
      "to_room_id": "337f7cd4-91cd-4511-a5fb-b6dee117043c",
      "direction": "oost",
      "is_locked": false,
      "required_key_id": null
    },
    {
      "id": "325a61da-d6cb-4577-8f27-dd4159a2750c",
      "from_room_id": "337f7cd4-91cd-4511-a5fb-b6dee117043c",
      "to_room_id": "dc2d1eef-92ee-4ddc-912e-ae44a3a0418c",
      "direction": "west",
      "is_locked": false,
      "required_key_id": null
    },
    {
      "id": "f73826c0-b0a6-407d-8b3d-83c31d45ac5a",
      "from_room_id": "dc2d1eef-92ee-4ddc-912e-ae44a3a0418c",
      "to_room_id": "b1422ed1-a5a7-43fc-b156-2152718bd4e1",
      "direction": "omhoog",
      "is_locked": true,
      "required_key_id": "fae7b61c-5b42-4eda-95ef-29c03ce45da5"
    },
    {
      "id": "dea7f67e-3033-4a0a-a88a-ec52d2eea11b",
      "from_room_id": "b1422ed1-a5a7-43fc-b156-2152718bd4e1",
      "to_room_id": "dc2d1eef-92ee-4ddc-912e-ae44a3a0418c",
      "direction": "omlaag",
      "is_locked": false,
      "required_key_id": null
    },
    {
      "id": "29a24144-d1ba-4985-9023-5bcfff9b45f0",
      "from_room_id": "b1422ed1-a5a7-43fc-b156-2152718bd4e1",
      "to_room_id": "301717f3-4161-4c2c-ab18-5e24aa98111a",
      "direction": "west",
      "is_locked": false,
      "required_key_id": null
    },
    {
      "id": "8db8c04e-a85b-4ccb-ab4c-c369f50e5424",
      "from_room_id": "301717f3-4161-4c2c-ab18-5e24aa98111a",
      "to_room_id": "b1422ed1-a5a7-43fc-b156-2152718bd4e1",
      "direction": "oost",
      "is_locked": false,
      "required_key_id": null
    },
    {
      "id": "da5f3692-c5c9-4ded-b5be-7cb427f9945d",
      "from_room_id": "b1422ed1-a5a7-43fc-b156-2152718bd4e1",
      "to_room_id": "4258840a-a6fe-4e6c-91ea-04ca8141de93",
      "direction": "noord",
      "is_locked": false,
      "required_key_id": null
    },
    {
      "id": "13b67de7-18c4-4f93-812f-0aa428c02e02",
      "from_room_id": "4258840a-a6fe-4e6c-91ea-04ca8141de93",
      "to_room_id": "b1422ed1-a5a7-43fc-b156-2152718bd4e1",
      "direction": "zuid",
      "is_locked": false,
      "required_key_id": null
    },
    {
      "id": "780a734e-f660-45de-a17c-41cce1443141",
      "from_room_id": "4258840a-a6fe-4e6c-91ea-04ca8141de93",
      "to_room_id": "f330752e-2076-484f-bd7c-8b0f6faf31c1",
      "direction": "oost",
      "is_locked": false,
      "required_key_id": null
    },
    {
      "id": "b7b45dbf-38b8-4190-8c2c-0cefb9a46f04",
      "from_room_id": "f330752e-2076-484f-bd7c-8b0f6faf31c1",
      "to_room_id": "4258840a-a6fe-4e6c-91ea-04ca8141de93",
      "direction": "west",
      "is_locked": false,
      "required_key_id": null
    },
    {
      "id": "d04dd66c-2f86-4947-9fb1-48cf9fc9c390",
      "from_room_id": "4258840a-a6fe-4e6c-91ea-04ca8141de93",
      "to_room_id": "a52abc67-d578-4082-b74b-46268f7202f7",
      "direction": "noord",
      "is_locked": true,
      "required_key_id": "ee2a6168-e574-4157-95e4-d22ee7f29b1a"
    },
    {
      "id": "c9280d06-acb2-49b8-bb73-e161c2865bb6",
      "from_room_id": "a52abc67-d578-4082-b74b-46268f7202f7",
      "to_room_id": "4258840a-a6fe-4e6c-91ea-04ca8141de93",
      "direction": "zuid",
      "is_locked": false,
      "required_key_id": null
    },
    {
      "id": "025fc100-86da-4360-843e-b01121fe4302",
      "from_room_id": "a52abc67-d578-4082-b74b-46268f7202f7",
      "to_room_id": "855da0ea-f880-4219-9f2d-5d718a9615b7",
      "direction": "noord",
      "is_locked": true,
      "required_key_id": null
    },
    {
      "id": "2d9b5f9c-d620-4679-85fc-5c4999e34184",
      "from_room_id": "855da0ea-f880-4219-9f2d-5d718a9615b7",
      "to_room_id": "a52abc67-d578-4082-b74b-46268f7202f7",
      "direction": "zuid",
      "is_locked": false,
      "required_key_id": null
    },
    {
      "id": "913b6434-3197-4367-891b-aa6354a1cf62",
      "from_room_id": "855da0ea-f880-4219-9f2d-5d718a9615b7",
      "to_room_id": "e5ebfa28-8710-4d22-bfd6-eea00bc732c9",
      "direction": "oost",
      "is_locked": false,
      "required_key_id": null
    },
    {
      "id": "e1a3c2d0-8154-4afb-8f79-64ce4cc8624b",
      "from_room_id": "e5ebfa28-8710-4d22-bfd6-eea00bc732c9",
      "to_room_id": "855da0ea-f880-4219-9f2d-5d718a9615b7",
      "direction": "west",
      "is_locked": false,
      "required_key_id": null
    },
    {
      "id": "f6ea4d08-f788-4942-bf0e-d3ea23029eec",
      "from_room_id": "e5ebfa28-8710-4d22-bfd6-eea00bc732c9",
      "to_room_id": "35dde51e-dd44-4fe9-8ddf-0893a6cd0ca4",
      "direction": "noord",
      "is_locked": false,
      "required_key_id": null
    },
    {
      "id": "0796b361-52f8-4106-9877-f06442f09321",
      "from_room_id": "35dde51e-dd44-4fe9-8ddf-0893a6cd0ca4",
      "to_room_id": "e5ebfa28-8710-4d22-bfd6-eea00bc732c9",
      "direction": "west",
      "is_locked": false,
      "required_key_id": null
    },
    {
      "id": "58c2d078-26ba-4e7e-a764-3ef61a812dd3",
      "from_room_id": "855da0ea-f880-4219-9f2d-5d718a9615b7",
      "to_room_id": "684c66b2-ab93-4d83-8a2c-89bb71959241",
      "direction": "noord",
      "is_locked": true,
      "required_key_id": null
    },
    {
      "id": "a1d4e229-8842-4343-b3db-d8f34f365c0a",
      "from_room_id": "684c66b2-ab93-4d83-8a2c-89bb71959241",
      "to_room_id": "855da0ea-f880-4219-9f2d-5d718a9615b7",
      "direction": "zuid",
      "is_locked": false,
      "required_key_id": null
    },
    {
      "id": "947e4073-5b2f-4bda-ab2a-cf0864905844",
      "from_room_id": "684c66b2-ab93-4d83-8a2c-89bb71959241",
      "to_room_id": "1ed16040-c912-462b-8a38-e6bcb49b3f34",
      "direction": "omhoog",
      "is_locked": false,
      "required_key_id": null
    }
  ],
  "scripts": [
    {
      "id": "b9b21b86-3be7-4ade-b46e-3d9e31a08552",
      "game_id": "9faca76a-fed7-433b-a072-fb11ee398b0d",
      "trigger": "ON_COMMAND(onderzoek laptop)",
      "condition": "CURRENT_ROOM(r002)",
      "action": "SHOW_MESSAGE('Je ziet een logbestand openstaan. De laatste regel vermeldt: \"Koelsysteem test voltooid. Standaard wachtwoord 'coolmaster3000' nog steeds actief.\"')\nADD_SCORE(5)"
    },
    {
      "id": "4e04c019-9816-463d-bca0-afaf3b37ee11",
      "game_id": "9faca76a-fed7-433b-a072-fb11ee398b0d",
      "trigger": "ON_COMMAND(gebruik wachtwoord coolmaster3000 op koelingspaneel)",
      "condition": "CURRENT_ROOM(r004)",
      "action": "SHOW_MESSAGE('Toegang verleend tot koelingspaneel. Je ziet opties voor diagnostiek en overbelasting. Er is ook een data-poort. Er valt een klein object uit de poort.')\nGIVE_ITEM(Exploit 'Overload')\nADD_SCORE(15)"
    },
    {
      "id": "88dd8512-47e8-446f-9873-2ffdc18a81ea",
      "game_id": "9faca76a-fed7-433b-a072-fb11ee398b0d",
      "trigger": "ON_COMMAND(gebruik overload op koelingspaneel)",
      "condition": "CURRENT_ROOM(r004) AND HAS_ITEM(Exploit 'Overload')",
      "action": "SHOW_MESSAGE('Je activeert de exploit. De machines beginnen te sputteren en vonken te slaan. Een alarm klinkt in de verte. De temperatuur in het datacenter zal nu stijgen, wat de beveiliging kan afleiden.')\nSET_STATE(koeling_gesaboteerd, True)\nADD_SCORE(25)"
    },
    {
      "id": "52b8787e-b24d-46bb-bfee-7c99060be95f",
      "game_id": "9faca76a-fed7-433b-a072-fb11ee398b0d",
      "trigger": "ON_COMMAND(gebruik toegangspas niveau 1 op liftpaneel niveau 0)",
      "condition": "CURRENT_ROOM(r005) AND HAS_ITEM(Toegangspas Niveau 1)",
      "action": "SHOW_MESSAGE('De kaartlezer licht groen op. Je hoort de lift aankomen.')\nSET_STATE(unlocked_conn011, True)\nADD_SCORE(10)"
    },
    {
      "id": "3215ddec-8784-4153-8d38-66c654b916a7",
      "game_id": "9faca76a-fed7-433b-a072-fb11ee398b0d",
      "trigger": "ON_TAKE(Toegangspas Niveau 1)",
      "condition": null,
      "action": "ADD_SCORE(5)"
    },
    {
      "id": "43aa1731-4f8f-4780-8045-b96bedd5a8e0",
      "game_id": "9faca76a-fed7-433b-a072-fb11ee398b0d",
      "trigger": "ON_TAKE(Data-chip 'IcePick')",
      "condition": null,
      "action": "ADD_SCORE(10)"
    },
    {
      "id": "ad546f23-1f48-4dd7-94c9-502b4a50ed24",
      "game_id": "9faca76a-fed7-433b-a072-fb11ee398b0d",
      "trigger": "ON_COMMAND(gebruik icepick op security terminal)",
      "condition": "CURRENT_ROOM(r010) AND HAS_ITEM(Data-chip 'IcePick')",
      "action": "SHOW_MESSAGE('De IcePick exploit forceert toegang tot de terminal! Je ziet een optie om camera's uit te schakelen en de logboeken te doorzoeken. Je vindt een logbericht: \"Nieuwe Level 2 passen uitgegeven. Autorisatiecode: OMNISEC-734\". Er ligt nu een pas naast de terminal.')\nGIVE_ITEM(Toegangspas Niveau 2)\nSET_STATE(cameras_disabled, True)\nADD_SCORE(30)"
    },
    {
      "id": "231ac9ea-8642-4c4b-af92-d3645b142f8b",
      "game_id": "9faca76a-fed7-433b-a072-fb11ee398b0d",
      "trigger": "ON_COMMAND(gebruik toegangspas niveau 2 op noord)",
      "condition": "CURRENT_ROOM(r009) AND HAS_ITEM(Toegangspas Niveau 2)",
      "action": "SHOW_MESSAGE('De kaartlezer bij de Datacenter deur accepteert de pas. De zware deur zoeft open.')\nSET_STATE(unlocked_conn019, True)\nADD_SCORE(15)"
    },
    {
      "id": "c2a11a7d-732d-4908-9199-fb144a586ff5",
      "game_id": "9faca76a-fed7-433b-a072-fb11ee398b0d",
      "trigger": "ON_COMMAND(onderzoek netwerk terminal)",
      "condition": "CURRENT_ROOM(r011)",
      "action": "SHOW_MESSAGE('De terminal vraagt om netwerkbeheerder credentials. Er is ook een optie voor \"Wachtwoord Herstel\" die een beveiligingsvraag stelt: \"Naam van het eerste prototype?\"')\nADD_SCORE(5)"
    },
    {
      "id": "f7cc448a-1172-4ed3-9210-05445f1bb3bc",
      "game_id": "9faca76a-fed7-433b-a072-fb11ee398b0d",
      "trigger": "ON_COMMAND(antwoord Icarus op netwerk terminal)",
      "condition": "CURRENT_ROOM(r011)",
      "action": "SHOW_MESSAGE('Correct! Toegang tot netwerkbeheer verleend. Je ziet een optie om de datacenter deur (noord) te ontgrendelen.')\nSET_STATE(unlocked_conn021, True)\nADD_SCORE(20)"
    },
    {
      "id": "0bfaf86a-c6fb-4b34-a673-c517b116eee9",
      "game_id": "9faca76a-fed7-433b-a072-fb11ee398b0d",
      "trigger": "ON_COMMAND(hack mainframe console)",
      "condition": "CURRENT_ROOM(r012) AND HAS_ITEM(Data-chip 'IcePick')",
      "action": "SHOW_MESSAGE('Je sluit de IcePick aan. Na enkele zenuwslopende seconden krijg je beperkte toegang. Je vindt een versleuteld wachtwoordfragment en een log over een nooduitgang.')\nGIVE_ITEM(Admin Wachtwoord Fragment)\nSET_STATE(unlocked_conn027, True)\nADD_SCORE(50)"
    },
    {
      "id": "dc1a27ff-e984-4318-9e51-970df8c3d3e7",
      "game_id": "9faca76a-fed7-433b-a072-fb11ee398b0d",
      "trigger": "ON_COMMAND(onderzoek lab terminal)",
      "condition": "CURRENT_ROOM(r014)",
      "action": "SHOW_MESSAGE('De terminal is vergrendeld. Er is een post-it opgeplakt met \"Gebruikersnaam: Dr. Aris Thorne. Wachtwoord: zie whiteboard\". Op het whiteboard staat \"Project Chimera - Fase 3. Launch code: Griffin7\".')\nADD_SCORE(10)"
    },
    {
      "id": "dda21c79-fa86-49c0-b211-470fee49144d",
      "game_id": "9faca76a-fed7-433b-a072-fb11ee398b0d",
      "trigger": "ON_COMMAND(gebruik wachtwoord Griffin7 op lab terminal)",
      "condition": "CURRENT_ROOM(r014)",
      "action": "SHOW_MESSAGE('Toegang tot Lab Terminal verleend! Je ziet opties om experimenten te monitoren en de houder van de Chimera Data Drive te ontgrendelen.')\nSET_STATE(lab_terminal_accessed, True)\nADD_SCORE(25)"
    },
    {
      "id": "d8588878-431d-44c8-b976-4c9db683195a",
      "game_id": "9faca76a-fed7-433b-a072-fb11ee398b0d",
      "trigger": "ON_COMMAND(ontgrendel data drive)",
      "condition": "CURRENT_ROOM(r014) AND STATE(lab_terminal_accessed)==True",
      "action": "SHOW_MESSAGE('Je activeert de ontgrendelingsprocedure. De houder opent met een klik. Je kunt de Chimera Data Drive nu pakken.')\nGIVE_ITEM(Ontgrendelde Chimera Data)\nREMOVE_ITEM(Chimera Data Drive)\nADD_SCORE(100)"
    },
    {
      "id": "eec97aba-a6b5-474d-b89d-6a5d4670cfe1",
      "game_id": "9faca76a-fed7-433b-a072-fb11ee398b0d",
      "trigger": "ON_ENTER(r016)",
      "condition": "HAS_ITEM(Ontgrendelde Chimera Data)",
      "action": "SHOW_MESSAGE('Je hebt de data en bent ontsnapt! Missie geslaagd!')\nSET_STATE(game_won, True)\nADD_SCORE(200)"
    },
    {
      "id": "6bac192d-41a7-426a-aad5-b8f69e5bf5cc",
      "game_id": "9faca76a-fed7-433b-a072-fb11ee398b0d",
      "trigger": "ON_COMMAND(pak chimera data drive)",
      "condition": "CURRENT_ROOM(r014)",
      "action": "SHOW_MESSAGE('De data drive zit vast in de houder. Je moet deze eerst ontgrendelen via de Lab Terminal.')"
    }
  ],
  "conversations": [
    {
      "id": "f55c3abb-c205-4f1c-aaf4-fb9efc66a290",
      "game_id": "9faca76a-fed7-433b-a072-fb11ee398b0d",
      "name": "Gesprek Bezorgde Technicus",
      "structure": {
        "start_node": "groet",
        "nodes": {
          "groet": {
            "npc_text": "Oh! Wie ben jij? Ik... ik zag net de gekste dingen op het netwerk. Spikes, overloads... Ik denk dat iemand probeert in te breken!",
            "options": [
              {
                "text": "Wat voor spikes?",
                "next_node": "spikes_info"
              },
              {
                "text": "Misschien kan ik helpen?",
                "next_node": "hulp_aanbod"
              },
              {
                "text": "Ik ben hier voor onderhoud.",
                "next_node": "onderhoud_smoes"
              }
            ]
          },
          "spikes_info": {
            "npc_text": "Energiepieken op de hoofdlijnen, data corruptie... het lijkt wel een gerichte aanval! Ik heb het hoofd van beveiliging proberen te bereiken, maar geen reactie. Zijn wachtwoord voor de netwerk terminal is gebaseerd op het eerste prototype... uhm... Icarus, geloof ik.",
            "options": [
              {
                "text": "Icarus? Bedankt voor de tip.",
                "next_node": "einde_tip"
              }
            ]
          },
          "hulp_aanbod": {
            "npc_text": "Jij? Nou ja, alle hulp is welkom. Als je bij de Netwerk Terminal in de Datacenter Voorkamer kunt komen, kun je misschien zien wat er aan de hand is. Het wachtwoord... ik mompelde het net... iets met het eerste prototype, 'Icarus'!",
            "options": [
              {
                "text": "Ik zal kijken wat ik kan doen.",
                "next_node": "einde_hulp"
              }
            ]
          },
          "onderhoud_smoes": {
            "npc_text": "Onderhoud? Nu? Met deze storingen? Nou ja, wees voorzichtig dan. Er gebeuren rare dingen.",
            "options": [
              {
                "text": "Zal ik doen.",
                "next_node": "einde_neutraal"
              }
            ]
          },
          "einde_tip": {
            "npc_text": "Graag gedaan. Ik hoop dat het helpt. Ik ga proberen dit paneel te fixen.",
            "options": []
          },
          "einde_hulp": {
            "npc_text": "Ok\u00e9, succes! Ik blijf hier nog even.",
            "options": []
          },
          "einde_neutraal": {
            "npc_text": "Blijf alert.",
            "options": []
          }
        }
      }
    }
  ]
}